Workbook

Sheet Sheet1
A1: Name | B1: =EOMONTH(DATEVALUE(LEFT(Sheet2!B1,10)), 0) -> 43496 | C1: =EOMONTH(DATEVALUE(LEFT(Sheet2!C1,10)), 0) -> 43524 | D1: =EOMONTH(DATEVALUE(LEFT(Sheet2!D1,10)), 0) -> 43555 | E1: =EOMONTH(DATEVALUE(LEFT(Sheet2!E1,10)), 0) -> 43585 | F1: =EOMONTH(DATEVALUE(LEFT(Sheet2!F1,10)), 0) -> 43616 | G1: =EOMONTH(DATEVALUE(LEFT(Sheet2!G1,10)), 0) -> 43646 | H1: =EOMONTH(DATEVALUE(LEFT(Sheet2!H1,10)), 0) -> 43677 | I1: =EOMONTH(DATEVALUE(LEFT(Sheet2!I1,10)), 0) -> 43708 | ... BW1: =EOMONTH(DATEVALUE(LEFT(Sheet2!BW1,10)), 0) -> 45716
A2: EURO STOXX 50 NR USD | B2: 5.9 | C2: 3.62 | D2: 0.41 | E2: 5.13 | F2: -6,06 | G2: 8.33 | H2: -2,32 | I2: -2,15 | J2: 3.21 | K2: 3.44 | L2: 1.59 | M2: 3.03 | N2: -3,90 | O2: -9,26 | P2: -16,30 | Q2: 5.14 | R2: 6.37 | S2: 7.43 | T2: 3.59 | U2: 4.36 | V2: -4,23 | W2: -7,93 | X2: 21.26 | Y2: 4.1 | Z2: -2,58 | AA2: 4.45 | AB2: 4.46 | AC2: 4.29 | AD2: 3.9 | AE2: -2,34 | AF2: 0.71 | AG2: 2.17 | AH2: -5,17 | AI2: 4.99 | AJ2: -6,95 | AK2: 6.9 | AL2: -4,16 | AM2: -5,74 | AN2: -1,39 | AO2: -7,16 | AP2: 2.43 | AQ2: -10,96 | AR2: 4.79 | AS2: -6,41 | AT2: -8,00 | AU2: 10.06 | AV2: 14.28 | AW2: -0,77 | AX2: 11.82 | AY2: -0,50 | AZ2: 4.45 | BA2: 3.28 | BB2: -5,57 | BC2: 6.78 | BD2: 2.82 | BE2: -5,34 | BF2: -5,17 | BG2: -2,81 | BH2: 11.53 | BI2: 4.49 | BJ2: 1.21 | BK2: 4.65 | BL2: 4.12 | BM2: -3,41 | BN2: 3.68 | BO2: -2,99 | BP2: 0.64 | BQ2: 4.13 | BR2: 1.74 | BS2: -5,97 | BT2: -3,07 | BU2: -0,06 | BV2: 8.52 | BW2: 3.49
A3: MSCI EURO SRI SEL RED FOSSIL FUEL NR EUR | B3: 5.11 | C3: 4.22 | D3: 2.72 | E3: 4.37 | F3: -3,66 | G3: 4.53 | H3: 0.21 | I3: -0,02 | J3: 4.01 | K3: 1.83 | L3: 3.01 | M3: 1.62 | N3: -0,45 | O3: -7,53 | P3: -11,92 | Q3: 7.17 | R3: 3.66 | S3: 3.2 | T3: -0,44 | U3: 3.07 | V3: -0,44 | W3: -5,55 | X3: 12.71 | Y3: 2.67 | Z3: -0,96 | AA3: 2.08 | AB3: 5.71 | AC3: 2.36 | AD3: 1.98 | AE3: 3.01 | AF3: 3.28 | AG3: 3.4 | AH3: -4,51 | AI3: 4.96 | AJ3: -2,55 | AK3: 5.68 | AL3: -5,80 | AM3: -4,01 | AN3: 1.74 | AO3: -1,50 | AP3: -3,47 | AQ3: -6,01 | AR3: 8.75 | AS3: -6,04 | AT3: -7,22 | AU3: 5.02 | AV3: 7.01 | AW3: -3,40 | AX3: 7.21 | AY3: 1.6 | AZ3: 1.36 | BA3: 2.43 | BB3: -3,05 | BC3: 1.61 | BD3: 1.64 | BE3: -2,58 | BF3: -2,54 | BG3: -2,67 | BH3: 7.91 | BI3: 3.6 | BJ3: 2.46 | BK3: 2.39 | BL3: 2.66 | BM3: -2,06 | BN3: 4.14 | BO3: -0,35 | BP3: 0.4 | BQ3: 2.04 | BR3: -0,94 | BS3: -5,01 | BT3: 1.78 | BU3: -1,62 | BV3: 4.6 | BW3: -0,11
A4: STOXX Europe 600 Insurance NR EUR | B4: 6.19 | C4: 6.2 | D4: -0,23 | E4: 6.58 | F4: -4,60 | G4: 5.11 | H4: -1,50 | I4: -5,50 | J4: 8.19 | K4: 2.28 | L4: 2.25 | M4: 2.16 | N4: -1,08 | O4: -10,72 | P4: -19,82 | Q4: 4.66 | R4: -1,35 | S4: 8.99 | T4: -2,92 | U4: 4.53 | V4: -6,63 | W4: -6,96 | X4: 24.94 | Y4: 2.43 | Z4: -5,07 | AA4: 9.23 | AB4: 8.38 | AC4: -1,67 | AD4: 1.32 | AE4: -3,04 | AF4: 0.81 | AG4: 4.53 | AH4: -1,38 | AI4: 5.16 | AJ4: -4,89 | AK4: 6.03 | AL4: 5.13 | AM4: -7,79 | AN4: 4.89 | AO4: -2,05 | AP4: -1,97 | AQ4: -5,60 | AR4: 1.39 | AS4: 0.12 | AT4: -5,18 | AU4: 7.06 | AV4: 8.72 | AW4: -0,25 | AX4: 6.33 | AY4: 0.41 | AZ4: -5,25 | BA4: 5.38 | BB4: -3,13 | BC4: 1.6 | BD4: 1.6 | BE4: -0,27 | BF4: 0.29 | BG4: -0,03 | BH4: 4.48 | BI4: 1.56 | BJ4: 2.33 | BK4: 3.73 | BL4: 4.64 | BM4: -3,70 | BN4: 5.57 | BO4: -0,90 | BP4: 1.29 | BQ4: 4.15 | BR4: 2.77 | BS4: -2,44 | BT4: 4.26 | BU4: -0,35 | BV4: 5.58 | BW4: 5.04
A5: STOXX Europe 600 Utilities NR EUR | B5: 8.18 | C5: 0.27 | D5: 2.87 | E5: -0,34 | F5: -0,76 | G5: 3.89 | H5: 0.96 | I5: 3.33 | J5: 4.36 | K5: 0.24 | L5: -0,21 | M5: 3.73 | N5: 8.5 | O5: -2,96 | P5: -16,49 | Q5: 2.2 | R5: 5.48 | S5: 5.03 | T5: 2.94 | U5: -1,27 | V5: -1,16 | W5: -2,09 | X5: 10.84 | Y5: 2.65 | Z5: -0,63 | AA5: -5,96 | AB5: 7.01 | AC5: 0.39 | AD5: 0.8 | AE5: -1,99 | AF5: 1.94 | AG5: 4.25 | AH5: -8,58 | AI5: 8.19 | AJ5: -0,71 | AK5: 5.25 | AL5: -1,93 | AM5: 1.92 | AN5: -2,96 | AO5: 2.63 | AP5: -1,15 | AQ5: -9,84 | AR5: 8.32 | AS5: -5,65 | AT5: -8,90 | AU5: 5.66 | AV5: 7.52 | AW5: -1,83 | AX5: 2.33 | AY5: 1.28 | AZ5: 3.8 | BA5: 4.21 | BB5: -2,99 | BC5: 2.5 | BD5: -0,84 | BE5: -3,01 | BF5: -4,27 | BG5: 0.62 | BH5: 7.37 | BI5: 2.45 | BJ5: -3,14 | BK5: -5,63 | BL5: 4.2 | BM5: 0.51 | BN5: 3.88 | BO5: -2,73 | BP5: 6.53 | BQ5: 2.27 | BR5: 3.57 | BS5: -4,34 | BT5: 0.83 | BU5: -3,44 | BV5: 2.06 | BW5: 2.58
A6: STOXX Europe 600 Indl Gd&Svcs NR EUR | B6: 7.98 | C6: 4.42 | D6: 0.76 | E6: 7.98 | F6: -7,09 | G6: 7.12 | H6: -0,58 | I6: -1,80 | J6: 2.98 | K6: 3.18 | L6: 4.67 | M6: 1.72 | N6: -0,34 | O6: -9,63 | P6: -20,88 | Q6: 8 | R6: 6.77 | S6: 4.53 | T6: 1.4 | U6: 6.3 | V6: 0.42 | W6: -3,37 | X6: 13.58 | Y6: 3.84 | Z6: -0,80 | AA6: 4.16 | AB6: 6.15 | AC6: 2.67 | AD6: 2.02 | AE6: 1.96 | AF6: 3.54 | AG6: 3.18 | AH6: -4,50 | AI6: 2.23 | AJ6: -2,00 | AK6: 7.11 | AL6: -9,11 | AM6: -3,95 | AN6: -0,09 | AO6: -3,49 | AP6: -1,95 | AQ6: -10,55 | AR6: 14.3 | AS6: -8,23 | AT6: -7,10 | AU6: 10.61 | AV6: 5.83 | AW6: -3,46 | AX6: 8.1 | AY6: 3.33 | AZ6: 1 | BA6: 1.17 | BB6: -0,53 | BC6: 3.55 | BD6: 1.81 | BE6: -5,23 | BF6: -3,19 | BG6: -6,13 | BH6: 11.8 | BI6: 7.47 | BJ6: 0.65 | BK6: 6.74 | BL6: 3.53 | BM6: -2,35 | BN6: 4.95 | BO6: -3,37 | BP6: 2.52 | BQ6: 0.97 | BR6: 1.67 | BS6: -1,83 | BT6: 2.64 | BU6: -1,05 | BV6: 6.63 | BW6: 4.01
A7: STOXX Europe 600 Media NR EUR | B7: 5.93 | C7: 3.35 | D7: -2,16 | E7: 7.02 | F7: -2,50 | G7: 1.71 | H7: 0.33 | I7: 0.55 | J7: 1.89 | K7: -0,83 | L7: 0.24 | M7: 3.07 | N7: -1,64 | O7: -10,08 | P7: -16,97 | Q7: 5.77 | R7: 2.91 | S7: 1.1 | T7: -7,31 | U7: 7.81 | V7: -0,13 | W7: -2,47 | X7: 14.45 | Y7: 4.54 | Z7: 0.22 | AA7: 3.33 | AB7: 6.56 | AC7: 3.05 | AD7: 1.18 | AE7: 1.44 | AF7: 5.63 | AG7: 4.54 | AH7: -3,33 | AI7: 2.63 | AJ7: 0.23 | AK7: 4.71 | AL7: -5,42 | AM7: -1,83 | AN7: 2.15 | AO7: -0,45 | AP7: -6,31 | AQ7: -6,08 | AR7: 12.07 | AS7: -8,35 | AT7: -3,66 | AU7: 8.56 | AV7: 4.61 | AW7: -3,86 | AX7: 6.46 | AY7: 4.76 | AZ7: 0.66 | BA7: 0.68 | BB7: -6,16 | BC7: 4.96 | BD7: 2.9 | BE7: -2,27 | BF7: 2.92 | BG7: 0.85 | BH7: 5.25 | BI7: 4.09 | BJ7: 5.89 | BK7: 3.57 | BL7: 1.91 | BM7: -1,56 | BN7: 3.38 | BO7: 1.77 | BP7: -1,21 | BQ7: -0,11 | BR7: 0.28 | BS7: 0.32 | BT7: 3.25 | BU7: -0,47 | BV7: 6.07 | BW7: -5,25

Sheet Sheet2
B1: 01/01/2019 - 31/01/2019 | C1: 01/02/2019 - 28/02/2019 | D1: 01/03/2019 - 31/03/2019 | E1: 01/04/2019 - 30/04/2019 | F1: 01/05/2019 - 31/05/2019 | G1: 01/06/2019 - 30/06/2019 | H1: 01/07/2019 - 31/07/2019 | I1: 01/08/2019 - 31/08/2019 | J1: 01/09/2019 - 30/09/2019 | K1: 01/10/2019 - 31/10/2019 | L1: 01/11/2019 - 30/11/2019 | M1: 01/12/2019 - 31/12/2019 | N1: 01/01/2020 - 31/01/2020 | O1: 01/02/2020 - 29/02/2020 | P1: 01/03/2020 - 31/03/2020 | Q1: 01/04/2020 - 30/04/2020 | R1: 01/05/2020 - 31/05/2020 | S1: 01/06/2020 - 30/06/2020 | T1: 01/07/2020 - 31/07/2020 | U1: 01/08/2020 - 31/08/2020 | V1: 01/09/2020 - 30/09/2020 | W1: 01/10/2020 - 31/10/2020 | X1: 01/11/2020 - 30/11/2020 | Y1: 01/12/2020 - 31/12/2020 | Z1: 01/01/2021 - 31/01/2021 | AA1: 01/02/2021 - 28/02/2021 | AB1: 01/03/2021 - 31/03/2021 | AC1: 01/04/2021 - 30/04/2021 | AD1: 01/05/2021 - 31/05/2021 | AE1: 01/06/2021 - 30/06/2021 | AF1: 01/07/2021 - 31/07/2021 | AG1: 01/08/2021 - 31/08/2021 | AH1: 01/09/2021 - 30/09/2021 | AI1: 01/10/2021 - 31/10/2021 | AJ1: 01/11/2021 - 30/11/2021 | AK1: 01/12/2021 - 31/12/2021 | AL1: 01/01/2022 - 31/01/2022 | AM1: 01/02/2022 - 28/02/2022 | AN1: 01/03/2022 - 31/03/2022 | AO1: 01/04/2022 - 30/04/2022 | AP1: 01/05/2022 - 31/05/2022 | AQ1: 01/06/2022 - 30/06/2022 | AR1: 01/07/2022 - 31/07/2022 | AS1: 01/08/2022 - 31/08/2022 | AT1: 01/09/2022 - 30/09/2022 | AU1: 01/10/2022 - 31/10/2022 | AV1: 01/11/2022 - 30/11/2022 | AW1: 01/12/2022 - 31/12/2022 | AX1: 01/01/2023 - 31/01/2023 | AY1: 01/02/2023 - 28/02/2023 | AZ1: 01/03/2023 - 31/03/2023 | BA1: 01/04/2023 - 30/04/2023 | BB1: 01/05/2023 - 31/05/2023 | BC1: 01/06/2023 - 30/06/2023 | BD1: 01/07/2023 - 31/07/2023 | BE1: 01/08/2023 - 31/08/2023 | BF1: 01/09/2023 - 30/09/2023 | BG1: 01/10/2023 - 31/10/2023 | BH1: 01/11/2023 - 30/11/2023 | BI1: 01/12/2023 - 31/12/2023 | BJ1: 01/01/2024 - 31/01/2024 | BK1: 01/02/2024 - 29/02/2024 | BL1: 01/03/2024 - 31/03/2024 | BM1: 01/04/2024 - 30/04/2024 | BN1: 01/05/2024 - 31/05/2024 | BO1: 01/06/2024 - 30/06/2024 | BP1: 01/07/2024 - 31/07/2024 | BQ1: 01/08/2024 - 31/08/2024 | BR1: 01/09/2024 - 30/09/2024 | BS1: 01/10/2024 - 31/10/2024 | BT1: 01/11/2024 - 30/11/2024 | BU1: 01/12/2024 - 31/12/2024 | BV1: 01/01/2025 - 31/01/2025 | BW1: 01/02/2025 - 28/02/2025
